window_start,window_stop,window_center,window_size,prime_count,pre_boundary_count,post_boundary_count,boundary_imbalance,boundary_abs_imbalance,lane13_count,lane17_count,reflection_gap_13_17,reflection_abs_gap_13_17,reflection_ratio_13_17,boundary_pressure,reflection_pressure,lane_01,lane_07,lane_11,lane_13,lane_17,lane_19,lane_23,lane_29,leader_lane,leader_count
1,3000,1500.5,3000,427,212,215,-3,3,54,56,-2,2,0.9642857142857143,0.00702576112412178,0.01818181818181818,50,55,53,54,56,48,55,56,17,56
301,3300,1800.5,3000,401,198,203,-5,5,48,51,-3,3,0.9411764705882353,0.012468827930174564,0.030303030303030304,48,52,50,48,51,49,50,53,29,53
601,3600,2100.5,3000,394,196,198,-2,2,49,51,-2,2,0.9607843137254902,0.005076142131979695,0.02,51,48,48,49,51,49,48,50,01,51
901,3900,2400.5,3000,385,194,191,3,3,49,48,1,1,1.0208333333333333,0.007792207792207792,0.010309278350515464,47,49,49,49,48,47,47,49,07,49
1201,4200,2700.5,3000,378,187,191,-4,4,48,49,-1,1,0.9795918367346939,0.010582010582010581,0.010309278350515464,47,48,44,48,49,46,45,51,29,51
1501,4500,3000.5,3000,371,188,183,5,5,48,47,1,1,1.0212765957446808,0.013477088948787063,0.010526315789473684,45,48,47,48,47,42,45,49,29,49
1801,4800,3300.5,3000,368,185,183,2,2,47,46,1,1,1.0217391304347827,0.005434782608695652,0.010752688172043012,46,46,46,47,46,41,47,49,29,49
2101,5100,3600.5,3000,364,185,179,6,6,47,45,2,2,1.0444444444444445,0.016483516483516484,0.021739130434782608,46,46,46,47,45,41,45,48,29,48
2401,5400,3900.5,3000,355,179,176,3,3,45,44,1,1,1.0227272727272727,0.008450704225352112,0.011235955056179775,40,47,47,45,44,40,44,48,29,48
2701,5700,4200.5,3000,357,183,174,9,9,48,43,5,5,1.1162790697674418,0.025210084033613446,0.054945054945054944,41,46,48,48,43,43,42,46,11,48
3001,6000,4500.5,3000,353,181,172,9,9,47,44,3,3,1.0681818181818181,0.025495750708215296,0.03296703296703297,42,43,49,47,44,45,42,41,11,49
3301,6300,4800.5,3000,356,184,172,12,12,49,45,4,4,1.0888888888888888,0.033707865168539325,0.0425531914893617,42,45,48,49,45,41,45,41,13,49
3601,6600,5100.5,3000,350,183,167,16,16,46,41,5,5,1.1219512195121952,0.045714285714285714,0.05747126436781609,41,47,49,46,41,39,45,42,11,49
3901,6900,5400.5,3000,348,179,169,10,10,46,40,6,6,1.15,0.028735632183908046,0.06976744186046512,44,43,46,46,40,39,45,45,11,46
4201,7200,5700.5,3000,345,176,169,7,7,42,40,2,2,1.05,0.020289855072463767,0.024390243902439025,42,44,48,42,40,40,46,43,11,48
4501,7500,6000.5,3000,340,172,168,4,4,41,40,1,1,1.025,0.011764705882352941,0.012345679012345678,41,45,45,41,40,43,44,41,07,45
4801,7800,6300.5,3000,341,171,170,1,1,40,42,-2,2,0.9523809523809523,0.002932551319648094,0.024390243902439025,42,45,44,40,42,43,43,42,07,45
5101,8100,6600.5,3000,337,166,171,-5,5,40,42,-2,2,0.9523809523809523,0.01483679525222552,0.024390243902439025,39,45,42,40,42,42,44,43,07,45
5401,8400,6900.5,3000,339,168,171,-3,3,41,43,-2,2,0.9534883720930233,0.008849557522123894,0.023809523809523808,42,44,41,41,43,44,43,41,07,44
5701,8700,7200.5,3000,334,160,174,-14,14,37,43,-6,6,0.8604651162790697,0.041916167664670656,0.075,43,43,37,37,43,43,46,42,23,46
6001,9000,7500.5,3000,334,161,173,-12,12,39,41,-2,2,0.9512195121951219,0.03592814371257485,0.025,43,43,36,39,41,43,46,43,23,46
6301,9300,7800.5,3000,332,163,169,-6,6,40,40,0,0,1.0,0.018072289156626505,0.0,43,43,37,40,40,43,43,43,01,43
6601,9600,8100.5,3000,331,161,170,-9,9,41,44,-3,3,0.9318181818181818,0.027190332326283987,0.03529411764705882,40,40,40,41,44,43,43,40,17,44
6901,9900,8400.5,3000,333,160,173,-13,13,38,45,-7,7,0.8444444444444444,0.03903903903903904,0.08433734939759036,42,41,39,38,45,46,43,39,19,46
7201,10200,8700.5,3000,333,161,172,-11,11,40,43,-3,3,0.9302325581395349,0.03303303303303303,0.03614457831325301,44,38,39,40,43,47,43,39,19,47
7501,10500,9000.5,3000,334,159,175,-16,16,41,44,-3,3,0.9318181818181818,0.04790419161676647,0.03529411764705882,42,36,40,41,44,46,46,39,19,46
7801,10800,9300.5,3000,328,162,166,-4,4,41,40,1,1,1.025,0.012195121951219513,0.012345679012345678,42,37,42,41,40,43,42,41,19,43
8101,11100,9600.5,3000,327,161,166,-5,5,39,40,-1,1,0.975,0.01529051987767584,0.012658227848101266,44,39,39,39,40,43,43,40,01,44
8401,11400,9900.5,3000,325,160,165,-5,5,39,37,2,2,1.054054054054054,0.015384615384615385,0.02631578947368421,43,39,39,39,37,43,43,42,01,43
8701,11700,10200.5,3000,320,162,158,4,4,39,36,3,3,1.0833333333333333,0.0125,0.04,40,42,41,39,36,39,40,43,29,43
9001,12000,10500.5,3000,321,160,161,-1,1,39,39,0,0,1.0,0.003115264797507788,0.0,40,41,40,39,39,39,40,43,29,43
9301,12300,10800.5,3000,319,157,162,-5,5,38,39,-1,1,0.9743589743589743,0.01567398119122257,0.012987012987012988,37,40,42,38,39,39,41,43,29,43
9601,12600,11100.5,3000,320,157,163,-6,6,39,39,0,0,1.0,0.01875,0.0,40,42,36,39,39,39,41,44,29,44
9901,12900,11400.5,3000,315,158,157,1,1,40,36,4,4,1.1111111111111112,0.0031746031746031746,0.05263157894736842,37,42,39,40,36,37,41,43,29,43
10201,13200,11700.5,3000,318,160,158,2,2,44,38,6,6,1.1578947368421053,0.006289308176100629,0.07317073170731707,34,43,39,44,38,36,42,42,13,44
10501,13500,12000.5,3000,316,159,157,2,2,39,39,0,0,1.0,0.006329113924050633,0.0,37,45,38,39,39,37,38,43,07,45
10801,13800,12300.5,3000,317,157,160,-3,3,39,40,-1,1,0.975,0.00946372239747634,0.012658227848101266,35,45,38,39,40,38,40,42,07,45
11101,14100,12600.5,3000,317,160,157,3,3,41,41,0,0,1.0,0.00946372239747634,0.0,35,41,43,41,41,38,38,40,11,43
11401,14400,12900.5,3000,310,156,154,2,2,41,43,-2,2,0.9534883720930233,0.0064516129032258064,0.023809523809523808,35,40,40,41,43,35,37,39,17,43
11701,14700,13200.5,3000,316,157,159,-2,2,44,44,0,0,1.0,0.006329113924050633,0.0,37,36,40,44,44,38,37,40,13,44
12001,15000,13500.5,3000,316,159,157,2,2,42,42,0,0,1.0,0.006329113924050633,0.0,35,40,42,42,42,37,38,40,11,42
12301,15300,13800.5,3000,317,156,161,-5,5,41,45,-4,4,0.9111111111111111,0.015772870662460567,0.046511627906976744,39,38,38,41,45,38,39,39,17,45
12601,15600,14100.5,3000,314,154,160,-6,6,40,44,-4,4,0.9090909090909091,0.01910828025477707,0.047619047619047616,39,35,40,40,44,39,39,38,17,44
12901,15900,14400.5,3000,317,154,163,-9,9,38,48,-10,10,0.7916666666666666,0.028391167192429023,0.11627906976744186,37,38,41,38,48,40,38,37,17,48
13201,16200,14700.5,3000,313,155,158,-3,3,37,48,-11,11,0.7708333333333334,0.009584664536741214,0.12941176470588237,40,38,40,37,48,38,36,36,17,48
13501,16500,15000.5,3000,312,158,154,4,4,41,45,-4,4,0.9111111111111111,0.01282051282051282,0.046511627906976744,39,37,41,41,45,36,38,35,17,45
13801,16800,15300.5,3000,307,155,152,3,3,41,45,-4,4,0.9111111111111111,0.009771986970684038,0.046511627906976744,39,35,40,41,45,36,38,33,17,45
14101,17100,15600.5,3000,309,159,150,9,9,41,41,0,0,1.0,0.02912621359223301,0.0,40,38,40,41,41,35,40,34,13,41
14401,17400,15900.5,3000,315,162,153,9,9,40,41,-1,1,0.975609756097561,0.02857142857142857,0.012345679012345678,38,41,43,40,41,38,41,33,11,43
14701,17700,16200.5,3000,312,157,155,2,2,37,42,-5,5,0.8809523809523809,0.00641025641025641,0.06329113924050633,39,40,41,37,42,41,40,32,17,42
15001,18000,16500.5,3000,310,156,154,2,2,37,42,-5,5,0.8809523809523809,0.0064516129032258064,0.06329113924050633,42,38,39,37,42,43,37,32,19,43
15301,18300,16800.5,3000,309,157,152,5,5,39,40,-1,1,0.975,0.016181229773462782,0.012658227848101266,40,38,40,39,40,44,34,34,19,44
15601,18600,17100.5,3000,310,163,147,16,16,41,37,4,4,1.1081081081081081,0.05161290322580645,0.05128205128205128,38,42,42,41,37,42,35,33,07,42
15901,18900,17400.5,3000,298,155,143,12,12,39,34,5,5,1.1470588235294117,0.040268456375838924,0.0684931506849315,38,39,39,39,34,38,36,35,07,39
16201,19200,17700.5,3000,293,150,143,7,7,37,33,4,4,1.121212121212121,0.023890784982935155,0.05714285714285714,37,36,40,37,33,39,35,36,11,40
16501,19500,18000.5,3000,300,154,146,8,8,38,32,6,6,1.1875,0.02666666666666667,0.08571428571428572,38,39,39,38,32,41,35,38,19,41
16801,19800,18300.5,3000,301,156,145,11,11,37,32,5,5,1.15625,0.036544850498338874,0.07246376811594203,38,41,40,37,32,40,35,38,07,41
17101,20100,18600.5,3000,300,155,145,10,10,37,32,5,5,1.15625,0.03333333333333333,0.07246376811594203,38,40,40,37,32,41,34,38,19,41
17401,20400,18900.5,3000,304,155,149,6,6,40,34,6,6,1.1764705882352942,0.019736842105263157,0.08108108108108109,39,37,39,40,34,40,34,41,29,41
17701,20700,19200.5,3000,298,156,142,14,14,41,32,9,9,1.28125,0.04697986577181208,0.1232876712328767,39,36,40,41,32,36,36,38,13,41
18001,21000,19500.5,3000,296,151,145,6,6,41,31,10,10,1.3225806451612903,0.02027027027027027,0.1388888888888889,34,36,40,41,31,37,38,39,13,41
18301,21300,19800.5,3000,295,153,142,11,11,40,30,10,10,1.3333333333333333,0.03728813559322034,0.14285714285714285,35,38,40,40,30,35,38,39,11,40
18601,21600,20100.5,3000,297,145,152,-7,7,38,36,2,2,1.0555555555555556,0.02356902356902357,0.02702702702702703,33,36,38,38,36,39,37,40,29,40
18901,21900,20400.5,3000,306,152,154,-2,2,39,38,1,1,1.0263157894736843,0.006535947712418301,0.012987012987012988,36,37,40,39,38,41,39,36,19,41
19201,22200,20700.5,3000,313,158,155,3,3,42,38,4,4,1.105263157894737,0.009584664536741214,0.05,38,40,38,42,38,41,40,36,13,42
19501,22500,21000.5,3000,303,149,154,-5,5,41,41,0,0,1.0,0.0165016501650165,0.0,37,34,37,41,41,38,39,36,13,41
19801,22800,21300.5,3000,307,151,156,-5,5,41,42,-1,1,0.9761904761904762,0.016286644951140065,0.012048192771084338,39,32,39,41,42,39,37,38,17,42
20101,23100,21600.5,3000,309,149,160,-11,11,39,47,-8,8,0.8297872340425532,0.03559870550161812,0.09302325581395349,39,31,40,39,47,38,38,37,17,47
20401,23400,21900.5,3000,302,148,154,-6,6,37,45,-8,8,0.8222222222222222,0.019867549668874173,0.0975609756097561,40,31,40,37,45,36,35,38,17,45
20701,23700,22200.5,3000,307,147,160,-13,13,37,48,-11,11,0.7708333333333334,0.04234527687296417,0.12941176470588237,38,33,39,37,48,38,34,40,17,48
21001,24000,22500.5,3000,308,153,155,-2,2,38,46,-8,8,0.8260869565217391,0.006493506493506494,0.09523809523809523,40,35,40,38,46,36,34,39,17,46
21301,24300,22800.5,3000,309,151,158,-7,7,38,47,-9,9,0.8085106382978723,0.022653721682847898,0.10588235294117647,41,33,39,38,47,38,36,37,17,47
21601,24600,23100.5,3000,301,147,154,-7,7,35,43,-8,8,0.813953488372093,0.023255813953488372,0.10256410256410256,43,32,37,35,43,36,37,38,01,43
21901,24900,23400.5,3000,295,145,150,-5,5,36,41,-5,5,0.8780487804878049,0.01694915254237288,0.06493506493506493,42,31,36,36,41,36,33,40,01,42
22201,25200,23700.5,3000,292,142,150,-8,8,34,42,-8,8,0.8095238095238095,0.0273972602739726,0.10526315789473684,39,33,36,34,42,35,34,39,17,42
22501,25500,24000.5,3000,295,144,151,-7,7,34,41,-7,7,0.8292682926829268,0.023728813559322035,0.09333333333333334,40,35,35,34,41,36,35,39,17,41
22801,25800,24300.5,3000,293,140,153,-13,13,34,39,-5,5,0.8717948717948718,0.04436860068259386,0.0684931506849315,39,36,31,34,39,36,41,37,23,41
23101,26100,24600.5,3000,288,138,150,-12,12,36,34,2,2,1.0588235294117647,0.041666666666666664,0.02857142857142857,38,36,28,36,34,40,39,37,19,40
23401,26400,24900.5,3000,293,140,153,-13,13,36,36,0,0,1.0,0.04436860068259386,0.0,37,37,30,36,36,40,41,36,23,41
23701,26700,25200.5,3000,291,140,151,-11,11,33,34,-1,1,0.9705882352941176,0.037800687285223365,0.014925373134328358,36,39,32,33,34,38,43,36,23,43
24001,27000,25500.5,3000,293,141,152,-11,11,34,36,-2,2,0.9444444444444444,0.03754266211604096,0.02857142857142857,37,35,35,34,36,36,44,36,23,44
24301,27300,25800.5,3000,289,142,147,-5,5,35,36,-1,1,0.9722222222222222,0.01730103806228374,0.014084507042253521,37,35,35,35,36,33,41,37,23,41
24601,27600,26100.5,3000,286,145,141,4,4,35,36,-1,1,0.9722222222222222,0.013986013986013986,0.014084507042253521,36,38,36,35,36,31,36,38,07,38
24901,27900,26400.5,3000,293,147,146,1,1,38,39,-1,1,0.9743589743589743,0.0034129692832764505,0.012987012987012988,35,38,36,38,39,29,39,39,17,39
25201,28200,26700.5,3000,292,150,142,8,8,37,37,0,0,1.0,0.0273972602739726,0.0,38,37,38,37,37,29,37,39,29,39
25501,28500,27000.5,3000,290,146,144,2,2,34,35,-1,1,0.9714285714285714,0.006896551724137931,0.014492753623188406,37,38,37,34,35,30,38,41,29,41
25801,28800,27300.5,3000,296,153,143,10,10,37,37,0,0,1.0,0.033783783783783786,0.0,37,39,40,37,37,32,33,41,29,41
26101,29100,27600.5,3000,294,154,140,14,14,36,37,-1,1,0.972972972972973,0.047619047619047616,0.0136986301369863,34,43,41,36,37,29,32,42,07,43
26401,29400,27900.5,3000,294,152,142,10,10,34,36,-2,2,0.9444444444444444,0.034013605442176874,0.02857142857142857,37,43,38,34,36,31,35,40,07,43
26701,29700,28200.5,3000,293,154,139,15,15,36,34,2,2,1.0588235294117647,0.051194539249146756,0.02857142857142857,40,41,37,36,34,31,36,38,07,41
27001,30000,28500.5,3000,284,147,137,10,10,35,34,1,1,1.0294117647058822,0.035211267605633804,0.014492753623188406,39,41,32,35,34,31,34,38,07,41
27301,30300,28800.5,3000,286,145,141,4,4,35,33,2,2,1.0606060606060606,0.013986013986013986,0.029411764705882353,38,40,32,35,33,33,36,39,07,40
27601,30600,29100.5,3000,290,145,145,0,0,38,34,4,4,1.1176470588235294,0.0,0.05555555555555555,36,39,32,38,34,35,38,38,07,39
27901,30900,29400.5,3000,288,146,142,4,4,36,31,5,5,1.1612903225806452,0.013888888888888888,0.07462686567164178,38,41,31,36,31,36,37,38,07,41
28201,31200,29700.5,3000,289,146,143,3,3,38,29,9,9,1.3103448275862069,0.010380622837370242,0.13432835820895522,36,39,33,38,29,38,37,39,07,39
28501,31500,30000.5,3000,289,150,139,11,11,39,32,7,7,1.21875,0.03806228373702422,0.09859154929577464,35,41,35,39,32,37,34,36,07,41
28801,31800,30300.5,3000,283,147,136,11,11,38,33,5,5,1.1515151515151516,0.038869257950530034,0.07042253521126761,34,40,35,38,33,33,34,36,07,40
29101,32100,30600.5,3000,283,141,142,-1,1,37,36,1,1,1.0277777777777777,0.0035335689045936395,0.0136986301369863,35,36,33,37,36,34,36,36,13,37
29401,32400,30900.5,3000,282,143,139,4,4,41,35,6,6,1.1714285714285715,0.014184397163120567,0.07894736842105263,33,34,35,41,35,33,34,37,13,41
29701,32700,31200.5,3000,286,147,139,8,8,44,36,8,8,1.2222222222222223,0.027972027972027972,0.1,31,35,37,44,36,32,33,38,13,44
30001,33000,31500.5,3000,293,150,143,7,7,44,35,9,9,1.2571428571428571,0.023890784982935155,0.11392405063291139,31,37,38,44,35,35,34,39,13,44
30301,33300,31800.5,3000,289,147,142,5,5,42,34,8,8,1.2352941176470589,0.01730103806228374,0.10526315789473684,30,37,38,42,34,34,36,38,13,42
30601,33600,32100.5,3000,296,149,147,2,2,41,34,7,7,1.2058823529411764,0.006756756756756757,0.09333333333333334,32,37,39,41,34,35,39,39,13,41
30901,33900,32400.5,3000,298,144,154,-10,10,39,38,1,1,1.0263157894736843,0.03355704697986577,0.012987012987012988,32,34,39,39,38,38,40,38,23,40
31201,34200,32700.5,3000,291,142,149,-7,7,37,39,-2,2,0.9487179487179487,0.024054982817869417,0.02631578947368421,33,36,36,37,39,36,38,36,17,39
31501,34500,33000.5,3000,296,145,151,-6,6,39,39,0,0,1.0,0.02027027027027027,0.0,36,33,37,39,39,35,40,37,23,40
31801,34800,33300.5,3000,296,142,154,-12,12,38,37,1,1,1.027027027027027,0.04054054054054054,0.013333333333333334,36,32,36,38,37,37,42,38,23,42
32101,35100,33600.5,3000,297,146,151,-5,5,40,35,5,5,1.1428571428571428,0.016835016835016835,0.06666666666666667,35,32,39,40,35,38,40,38,13,40
32401,35400,33900.5,3000,293,146,147,-1,1,36,34,2,2,1.0588235294117647,0.0034129692832764505,0.02857142857142857,35,34,41,36,34,36,39,38,11,41
32701,35700,34200.5,3000,288,142,146,-4,4,32,35,-3,3,0.9142857142857143,0.013888888888888888,0.04477611940298507,37,35,38,32,35,38,38,35,11,38
33001,36000,34500.5,3000,286,141,145,-4,4,32,35,-3,3,0.9142857142857143,0.013986013986013986,0.04477611940298507,37,33,39,32,35,37,38,35,11,39
33301,36300,34800.5,3000,288,146,142,4,4,31,36,-5,5,0.8611111111111112,0.013888888888888888,0.07462686567164178,36,38,41,31,36,36,36,34,11,41
33601,36600,35100.5,3000,283,145,138,7,7,35,36,-1,1,0.9722222222222222,0.024734982332155476,0.014084507042253521,36,35,39,35,36,35,35,32,11,39
33901,36900,35400.5,3000,282,149,133,16,16,35,34,1,1,1.0294117647058822,0.05673758865248227,0.014492753623188406,35,39,40,35,34,31,34,34,11,40
34201,37200,35700.5,3000,288,148,140,8,8,37,34,3,3,1.088235294117647,0.027777777777777776,0.04225352112676056,35,38,38,37,34,33,35,38,07,38
34501,37500,36000.5,3000,283,143,140,3,3,38,34,4,4,1.1176470588235294,0.01060070671378092,0.05555555555555555,33,37,35,38,34,35,36,35,13,38
34801,37800,36300.5,3000,283,147,136,11,11,39,34,5,5,1.1470588235294117,0.038869257950530034,0.0684931506849315,33,40,35,39,34,34,32,36,07,40
35101,38100,36600.5,3000,281,150,131,19,19,39,35,4,4,1.1142857142857143,0.06761565836298933,0.05405405405405406,36,42,33,39,35,30,31,35,07,42
35401,38400,36900.5,3000,283,147,136,11,11,38,35,3,3,1.0857142857142856,0.038869257950530034,0.0410958904109589,34,43,32,38,35,34,34,33,07,43
35701,38700,37200.5,3000,282,144,138,6,6,38,33,5,5,1.1515151515151516,0.02127659574468085,0.07042253521126761,33,40,33,38,33,33,34,38,07,40
36001,39000,37500.5,3000,283,149,134,15,15,39,32,7,7,1.21875,0.053003533568904596,0.09859154929577464,34,43,33,39,32,32,36,34,07,43
36301,39300,37800.5,3000,284,145,139,6,6,41,32,9,9,1.28125,0.02112676056338028,0.1232876712328767,33,39,32,41,32,35,37,35,13,41
36601,39600,38100.5,3000,283,146,137,9,9,37,29,8,8,1.2758620689655173,0.03180212014134275,0.12121212121212122,34,39,36,37,29,34,38,36,07,39
36901,39900,38400.5,3000,283,144,139,5,5,38,28,10,10,1.3571428571428572,0.0176678445229682,0.15151515151515152,32,38,36,38,28,38,36,37,07,38
37201,40200,38700.5,3000,282,141,141,0,0,37,28,9,9,1.3214285714285714,0.0,0.13846153846153847,30,37,37,37,28,39,39,35,19,39
37501,40500,39000.5,3000,278,141,137,4,4,35,26,9,9,1.3461538461538463,0.014388489208633094,0.14754098360655737,30,38,38,35,26,37,39,35,23,39
37801,40800,39300.5,3000,272,132,140,-8,8,32,27,5,5,1.1851851851851851,0.029411764705882353,0.0847457627118644,30,35,35,32,27,39,40,34,23,40
38101,41100,39600.5,3000,277,133,144,-11,11,32,25,7,7,1.28,0.039711191335740074,0.12280701754385964,28,37,36,32,25,42,43,34,23,43
38401,41400,39900.5,3000,280,137,143,-6,6,36,26,10,10,1.3846153846153846,0.02142857142857143,0.16129032258064516,31,34,36,36,26,42,41,34,19,42
38701,41700,40200.5,3000,285,140,145,-5,5,37,28,9,9,1.3214285714285714,0.017543859649122806,0.13846153846153847,31,35,37,37,28,42,41,34,19,42
39001,42000,40500.5,3000,285,136,149,-13,13,36,30,6,6,1.2,0.0456140350877193,0.09090909090909091,31,33,36,36,30,42,38,39,19,42
39301,42300,40800.5,3000,286,138,148,-10,10,38,31,7,7,1.2258064516129032,0.03496503496503497,0.10144927536231885,31,32,37,38,31,40,37,40,19,40
39601,42600,41100.5,3000,290,139,151,-12,12,39,34,5,5,1.1470588235294117,0.041379310344827586,0.0684931506849315,31,36,33,39,34,42,36,39,19,42
39901,42900,41400.5,3000,289,139,150,-11,11,40,35,5,5,1.1428571428571428,0.03806228373702422,0.06666666666666667,31,35,33,40,35,40,38,37,13,40
40201,43200,41700.5,3000,287,139,148,-9,9,40,35,5,5,1.1428571428571428,0.0313588850174216,0.06666666666666667,32,36,31,40,35,37,38,38,13,40
40501,43500,42000.5,3000,288,141,147,-6,6,37,36,1,1,1.0277777777777777,0.020833333333333332,0.0136986301369863,35,35,34,37,36,36,37,38,29,38
40801,43800,42300.5,3000,293,149,144,5,5,40,36,4,4,1.1111111111111112,0.017064846416382253,0.05263157894736842,35,36,38,40,36,36,37,35,13,40
41101,44100,42600.5,3000,289,146,143,3,3,38,37,1,1,1.027027027027027,0.010380622837370242,0.013333333333333334,38,33,37,38,37,36,37,33,01,38
41401,44400,42900.5,3000,286,144,142,2,2,37,36,1,1,1.0277777777777777,0.006993006993006993,0.0136986301369863,38,32,37,37,36,35,35,36,01,38
41701,44700,43200.5,3000,284,144,140,4,4,38,37,1,1,1.027027027027027,0.014084507042253521,0.013333333333333334,36,33,37,38,37,33,35,35,13,38
42001,45000,43500.5,3000,283,143,140,3,3,38,37,1,1,1.027027027027027,0.01060070671378092,0.013333333333333334,35,33,37,38,37,33,35,35,13,38
42301,45300,43800.5,3000,277,139,138,1,1,33,36,-3,3,0.9166666666666666,0.0036101083032490976,0.043478260869565216,36,34,36,33,36,33,37,32,23,37
42601,45600,44100.5,3000,273,136,137,-1,1,34,37,-3,3,0.918918918918919,0.003663003663003663,0.04225352112676056,35,31,36,34,37,31,36,33,17,37
42901,45900,44400.5,3000,270,137,133,4,4,35,39,-4,4,0.8974358974358975,0.014814814814814815,0.05405405405405406,37,31,34,35,39,27,35,32,17,39
43201,46200,44700.5,3000,270,139,131,8,8,35,38,-3,3,0.9210526315789473,0.02962962962962963,0.0410958904109589,38,29,37,35,38,27,34,32,01,38
43501,46500,45000.5,3000,272,140,132,8,8,36,37,-1,1,0.972972972972973,0.029411764705882353,0.0136986301369863,38,31,35,36,37,31,30,34,01,38
43801,46800,45300.5,3000,271,138,133,5,5,35,35,0,0,1.0,0.01845018450184502,0.0,38,31,34,35,35,28,31,39,29,39
44101,47100,45600.5,3000,269,136,133,3,3,34,37,-3,3,0.918918918918919,0.011152416356877323,0.04225352112676056,36,32,34,34,37,26,29,41,29,41
44401,47400,45900.5,3000,269,133,136,-3,3,33,39,-6,6,0.8461538461538461,0.011152416356877323,0.08333333333333333,34,34,32,33,39,26,30,41,29,41
44701,47700,46200.5,3000,270,134,136,-2,2,33,37,-4,4,0.8918918918918919,0.007407407407407408,0.05714285714285714,36,33,32,33,37,30,28,41,29,41
45001,48000,46500.5,3000,271,137,134,3,3,31,37,-6,6,0.8378378378378378,0.01107011070110701,0.08823529411764706,37,36,33,31,37,30,29,38,29,38
45301,48300,46800.5,3000,271,138,133,5,5,33,36,-3,3,0.9166666666666666,0.01845018450184502,0.043478260869565216,37,36,32,33,36,31,25,41,29,41
45601,48600,47100.5,3000,272,138,134,4,4,31,35,-4,4,0.8857142857142857,0.014705882352941176,0.06060606060606061,37,36,34,31,35,30,29,40,29,40
45901,48900,47400.5,3000,275,139,136,3,3,30,33,-3,3,0.9090909090909091,0.01090909090909091,0.047619047619047616,37,36,36,30,33,36,27,40,29,40
46201,49200,47700.5,3000,277,138,139,-1,1,30,35,-5,5,0.8571428571428571,0.0036101083032490976,0.07692307692307693,36,38,34,30,35,35,27,42,29,42
46501,49500,48000.5,3000,280,139,141,-2,2,32,35,-3,3,0.9142857142857143,0.007142857142857143,0.04477611940298507,33,38,36,32,35,35,31,40,29,40
46801,49800,48300.5,3000,279,136,143,-7,7,32,39,-7,7,0.8205128205128205,0.025089605734767026,0.09859154929577464,34,38,32,32,39,37,30,37,17,39
47101,50100,48600.5,3000,285,142,143,-1,1,34,37,-3,3,0.918918918918919,0.0035087719298245615,0.04225352112676056,35,39,34,34,37,37,33,36,07,39
47401,50400,48900.5,3000,285,145,140,5,5,33,36,-3,3,0.9166666666666666,0.017543859649122806,0.043478260869565216,37,39,36,33,36,36,35,33,07,39
47701,50700,49200.5,3000,280,145,135,10,10,32,35,-3,3,0.9142857142857143,0.03571428571428571,0.04477611940298507,37,40,36,32,35,33,36,31,07,40
48001,51000,49500.5,3000,276,141,135,6,6,34,34,0,0,1.0,0.021739130434782608,0.0,35,37,35,34,34,33,36,32,07,37
48301,51300,49800.5,3000,278,142,136,6,6,35,37,-2,2,0.9459459459459459,0.02158273381294964,0.027777777777777776,37,36,34,35,37,33,37,29,01,37
48601,51600,50100.5,3000,282,145,137,8,8,33,36,-3,3,0.9166666666666666,0.028368794326241134,0.043478260869565216,38,38,36,33,36,33,36,32,01,38
48901,51900,50400.5,3000,281,140,141,-1,1,32,36,-4,4,0.8888888888888888,0.0035587188612099642,0.058823529411764705,38,38,32,32,36,31,39,35,23,39
49201,52200,50700.5,3000,280,144,136,8,8,32,36,-4,4,0.8888888888888888,0.02857142857142857,0.058823529411764705,39,39,34,32,36,33,37,30,01,39
49501,52500,51000.5,3000,273,140,133,7,7,31,34,-3,3,0.9117647058823529,0.02564102564102564,0.046153846153846156,39,38,32,31,34,31,37,31,01,39
49801,52800,51300.5,3000,275,142,133,9,9,29,33,-4,4,0.8787878787878788,0.03272727272727273,0.06451612903225806,38,37,38,29,33,30,39,31,23,39
50101,53100,51600.5,3000,274,138,136,2,2,28,34,-6,6,0.8235294117647058,0.0072992700729927005,0.0967741935483871,37,38,35,28,34,31,38,33,07,38
50401,53400,51900.5,3000,272,137,135,2,2,31,34,-3,3,0.9117647058823529,0.007352941176470588,0.046153846153846156,35,37,34,31,34,33,33,35,07,37
50701,53700,52200.5,3000,277,137,140,-3,3,32,35,-3,3,0.9142857142857143,0.010830324909747292,0.04477611940298507,34,37,34,32,35,35,33,37,07,37
51001,54000,52500.5,3000,278,137,141,-4,4,30,37,-7,7,0.8108108108108109,0.014388489208633094,0.1044776119402985,35,37,35,30,37,35,32,37,07,37
51301,54300,52800.5,3000,275,139,136,3,3,30,34,-4,4,0.8823529411764706,0.01090909090909091,0.0625,35,38,36,30,34,33,32,37,07,38
51601,54600,53100.5,3000,275,139,136,3,3,32,35,-3,3,0.9142857142857143,0.01090909090909091,0.04477611940298507,35,37,35,32,35,36,31,34,07,37
51901,54900,53400.5,3000,271,139,132,7,7,30,34,-4,4,0.8823529411764706,0.025830258302583026,0.0625,35,37,37,30,34,36,31,31,07,37
52201,55200,53700.5,3000,269,133,136,-3,3,27,33,-6,6,0.8181818181818182,0.011152416356877323,0.1,34,36,36,27,33,36,33,34,07,36
52501,55500,54000.5,3000,273,133,140,-7,7,28,36,-8,8,0.7777777777777778,0.02564102564102564,0.125,37,34,34,28,36,37,32,35,01,37
52801,55800,54300.5,3000,273,133,140,-7,7,29,35,-6,6,0.8285714285714286,0.02564102564102564,0.09375,38,32,34,29,35,37,32,36,01,38
53101,56100,54600.5,3000,275,135,140,-5,5,31,35,-4,4,0.8857142857142857,0.01818181818181818,0.06060606060606061,37,31,36,31,35,36,31,38,29,38
53401,56400,54900.5,3000,273,131,142,-11,11,29,34,-5,5,0.8529411764705882,0.040293040293040296,0.07936507936507936,37,32,33,29,34,38,34,36,19,38
53701,56700,55200.5,3000,275,131,144,-13,13,29,35,-6,6,0.8285714285714286,0.04727272727272727,0.09375,38,31,33,29,35,40,35,34,19,40
54001,57000,55500.5,3000,282,137,145,-8,8,32,34,-2,2,0.9411764705882353,0.028368794326241134,0.030303030303030304,40,32,33,32,34,41,38,32,19,41
54301,57300,55800.5,3000,288,136,152,-16,16,33,36,-3,3,0.9166666666666666,0.05555555555555555,0.043478260869565216,37,31,35,33,36,41,39,36,19,41
54601,57600,56100.5,3000,279,130,149,-19,19,32,37,-5,5,0.8648648648648649,0.06810035842293907,0.07246376811594203,36,32,30,32,37,39,38,35,19,39
54901,57900,56400.5,3000,284,134,150,-16,16,33,35,-2,2,0.9428571428571428,0.056338028169014086,0.029411764705882353,35,34,32,33,35,40,38,37,19,40
55201,58200,56700.5,3000,288,136,152,-16,16,35,37,-2,2,0.9459459459459459,0.05555555555555555,0.027777777777777776,36,33,32,35,37,39,39,37,19,39
55501,58500,57000.5,3000,290,142,148,-6,6,36,37,-1,1,0.972972972972973,0.020689655172413793,0.0136986301369863,34,36,36,36,37,37,38,36,23,38
55801,58800,57300.5,3000,287,143,144,-1,1,37,36,1,1,1.0277777777777777,0.003484320557491289,0.0136986301369863,33,39,34,37,36,38,37,33,07,39
56101,59100,57600.5,3000,283,140,143,-3,3,36,36,0,0,1.0,0.01060070671378092,0.0,34,36,34,36,36,38,38,31,19,38
56401,59400,57900.5,3000,288,142,146,-4,4,36,36,0,0,1.0,0.013888888888888888,0.0,34,37,35,36,36,36,41,33,23,41
56701,59700,58200.5,3000,287,142,145,-3,3,34,36,-2,2,0.9444444444444444,0.010452961672473868,0.02857142857142857,33,39,36,34,36,35,41,33,23,41
57001,60000,58500.5,3000,275,136,139,-3,3,32,34,-2,2,0.9411764705882353,0.01090909090909091,0.030303030303030304,30,38,36,32,34,34,37,34,07,38
57301,60300,58800.5,3000,274,135,139,-4,4,31,35,-4,4,0.8857142857142857,0.014598540145985401,0.06060606060606061,30,39,35,31,35,36,36,32,07,39
57601,60600,59100.5,3000,270,134,136,-2,2,32,33,-1,1,0.9696969696969697,0.007407407407407408,0.015384615384615385,28,38,36,32,33,34,36,33,07,38
57901,60900,59400.5,3000,271,134,137,-3,3,34,36,-2,2,0.9444444444444444,0.01107011070110701,0.02857142857142857,29,36,35,34,36,33,34,34,07,36
58201,61200,59700.5,3000,266,136,130,6,6,34,34,0,0,1.0,0.022556390977443608,0.0,29,36,37,34,34,33,32,31,11,37
58501,61500,60000.5,3000,264,133,131,2,2,33,31,2,2,1.064516129032258,0.007575757575757576,0.03125,31,35,34,33,31,32,37,31,23,37
58801,61800,60300.5,3000,267,133,134,-1,1,32,32,0,0,1.0,0.003745318352059925,0.0,31,36,34,32,32,31,40,31,23,40
59101,62100,60600.5,3000,267,137,130,7,7,32,30,2,2,1.0666666666666667,0.026217228464419477,0.03225806451612903,32,39,34,32,30,32,37,31,07,39
59401,62400,60900.5,3000,261,138,123,15,15,33,30,3,3,1.1,0.05747126436781609,0.047619047619047616,32,37,36,33,30,29,34,30,07,37
59701,62700,61200.5,3000,258,135,123,12,12,36,32,4,4,1.125,0.046511627906976744,0.058823529411764705,31,35,33,36,32,26,34,31,13,36
60001,63000,61500.5,3000,263,137,126,11,11,36,33,3,3,1.0909090909090908,0.04182509505703422,0.043478260869565216,35,33,33,36,33,26,36,31,13,36
60301,63300,61800.5,3000,256,136,120,16,16,34,29,5,5,1.1724137931034482,0.0625,0.07936507936507936,36,35,31,34,29,24,35,32,01,36
60601,63600,62100.5,3000,269,142,127,15,15,34,32,2,2,1.0625,0.055762081784386616,0.030303030303030304,40,36,32,34,32,28,35,32,01,40
60901,63900,62400.5,3000,270,142,128,14,14,34,32,2,2,1.0625,0.05185185185185185,0.030303030303030304,40,36,32,34,32,27,37,32,01,40
61201,64200,62700.5,3000,270,139,131,8,8,36,36,0,0,1.0,0.02962962962962963,0.0,39,35,29,36,36,26,35,34,01,39
61501,64500,63000.5,3000,267,136,131,5,5,37,36,1,1,1.0277777777777777,0.018726591760299626,0.0136986301369863,35,34,30,37,36,28,33,34,13,37
61801,64800,63300.5,3000,262,135,127,8,8,39,34,5,5,1.1470588235294117,0.030534351145038167,0.0684931506849315,34,33,29,39,34,27,31,35,13,39
62101,65100,63600.5,3000,261,128,133,-5,5,36,37,-1,1,0.972972972972973,0.019157088122605363,0.0136986301369863,35,29,28,36,37,29,34,33,17,37
62401,65400,63900.5,3000,265,129,136,-7,7,37,38,-1,1,0.9736842105263158,0.026415094339622643,0.013333333333333334,34,30,28,37,38,31,35,32,17,38
62701,65700,64200.5,3000,269,131,138,-7,7,34,36,-2,2,0.9444444444444444,0.026022304832713755,0.02857142857142857,35,35,27,34,36,35,34,33,17,36
63001,66000,64500.5,3000,271,130,141,-11,11,33,39,-6,6,0.8461538461538461,0.04059040590405904,0.08333333333333333,34,36,27,33,39,37,33,32,17,39
63301,66300,64800.5,3000,271,127,144,-17,17,32,41,-9,9,0.7804878048780488,0.06273062730627306,0.1232876712328767,32,33,30,32,41,37,35,31,17,41
63601,66600,65100.5,3000,266,126,140,-14,14,35,39,-4,4,0.8974358974358975,0.05263157894736842,0.05405405405405406,31,30,30,35,39,34,35,32,17,39
63901,66900,65400.5,3000,260,126,134,-8,8,36,37,-1,1,0.972972972972973,0.03076923076923077,0.0136986301369863,31,28,31,36,37,33,35,29,17,37
64201,67200,65700.5,3000,265,126,139,-13,13,36,35,1,1,1.0285714285714285,0.04905660377358491,0.014084507042253521,31,27,32,36,35,35,38,31,23,38
64501,67500,66000.5,3000,272,128,144,-16,16,35,38,-3,3,0.9210526315789473,0.058823529411764705,0.0410958904109589,32,27,34,35,38,38,36,32,17,38
64801,67800,66300.5,3000,276,126,150,-24,24,32,40,-8,8,0.8,0.08695652173913043,0.1111111111111111,33,26,35,32,40,40,35,35,17,40
65101,68100,66600.5,3000,278,133,145,-12,12,36,37,-1,1,0.972972972972973,0.04316546762589928,0.0136986301369863,32,30,35,36,37,38,34,36,19,38
65401,68400,66900.5,3000,271,130,141,-11,11,32,35,-3,3,0.9142857142857143,0.04059040590405904,0.04477611940298507,34,28,36,32,35,38,31,37,19,38
65701,68700,67200.5,3000,266,126,140,-14,14,33,37,-4,4,0.8918918918918919,0.05263157894736842,0.05714285714285714,35,21,37,33,37,35,31,37,11,37
66001,69000,67500.5,3000,263,126,137,-11,11,34,34,0,0,1.0,0.04182509505703422,0.0,33,23,36,34,34,32,32,39,29,39
66301,69300,67800.5,3000,268,130,138,-8,8,36,33,3,3,1.0909090909090908,0.029850746268656716,0.043478260869565216,36,24,34,36,33,33,33,39,29,39
66601,69600,68100.5,3000,265,129,136,-7,7,34,33,1,1,1.0303030303030303,0.026415094339622643,0.014925373134328358,33,25,37,34,33,34,32,37,11,37
66901,69900,68400.5,3000,262,122,140,-18,18,30,36,-6,6,0.8333333333333334,0.06870229007633588,0.09090909090909091,31,26,35,30,36,36,31,37,29,37
67201,70200,68700.5,3000,262,127,135,-8,8,28,34,-6,6,0.8235294117647058,0.030534351145038167,0.0967741935483871,33,28,38,28,34,35,28,38,11,38
67501,70500,69000.5,3000,260,128,132,-4,4,27,32,-5,5,0.84375,0.015384615384615385,0.0847457627118644,34,30,37,27,32,34,28,38,29,38
67801,70800,69300.5,3000,257,129,128,1,1,29,30,-1,1,0.9666666666666667,0.0038910505836575876,0.01694915254237288,33,33,34,29,30,33,27,38,29,38
68101,71100,69600.5,3000,259,125,134,-9,9,26,31,-5,5,0.8387096774193549,0.03474903474903475,0.08771929824561403,34,30,35,26,31,36,27,40,29,40
68401,71400,69900.5,3000,269,129,140,-11,11,30,33,-3,3,0.9090909090909091,0.040892193308550186,0.047619047619047616,33,34,32,30,33,37,29,41,29,41
68701,71700,70200.5,3000,269,132,137,-5,5,33,29,4,4,1.1379310344827587,0.01858736059479554,0.06451612903225806,31,36,32,33,29,37,31,40,29,40
69001,72000,70500.5,3000,274,133,141,-8,8,32,31,1,1,1.032258064516129,0.029197080291970802,0.015873015873015872,33,36,32,32,31,38,31,41,29,41
69301,72300,70800.5,3000,276,134,142,-8,8,34,34,0,0,1.0,0.028985507246376812,0.0,33,34,33,34,34,40,29,39,19,40
69601,72600,71100.5,3000,273,134,139,-5,5,32,32,0,0,1.0,0.018315018315018316,0.0,34,36,32,32,32,40,30,37,19,40
69901,72900,71400.5,3000,278,139,139,0,0,38,32,6,6,1.1875,0.0,0.08571428571428572,34,35,32,38,32,41,29,37,19,41
70201,73200,71700.5,3000,277,135,142,-7,7,37,33,4,4,1.121212121212121,0.02527075812274368,0.05714285714285714,32,35,31,37,33,42,33,34,19,42
70501,73500,72000.5,3000,272,137,135,2,2,40,32,8,8,1.25,0.007352941176470588,0.1111111111111111,31,36,30,40,32,40,31,32,13,40
70801,73800,72300.5,3000,275,134,141,-7,7,38,36,2,2,1.0555555555555556,0.025454545454545455,0.02702702702702703,33,31,32,38,36,39,35,31,19,39
71101,74100,72600.5,3000,270,131,139,-8,8,36,37,-1,1,0.972972972972973,0.02962962962962963,0.0136986301369863,30,34,31,36,37,37,37,28,17,37
71401,74400,72900.5,3000,268,135,133,2,2,37,36,1,1,1.0277777777777777,0.007462686567164179,0.0136986301369863,31,35,32,37,36,34,35,28,13,37
71701,74700,73200.5,3000,267,135,132,3,3,34,38,-4,4,0.8947368421052632,0.011235955056179775,0.05555555555555555,32,34,35,34,38,34,32,28,17,38
72001,75000,73500.5,3000,265,136,129,7,7,34,36,-2,2,0.9444444444444444,0.026415094339622643,0.02857142857142857,31,35,36,34,36,36,32,25,11,36
72301,75300,73800.5,3000,263,135,128,7,7,34,34,0,0,1.0,0.026615969581749048,0.0,29,37,35,34,34,35,31,28,07,37
72601,75600,74100.5,3000,269,136,133,3,3,35,38,-3,3,0.9210526315789473,0.011152416356877323,0.0410958904109589,31,36,34,35,38,32,31,32,17,38
72901,75900,74400.5,3000,268,134,134,0,0,32,37,-5,5,0.8648648648648649,0.0,0.07246376811594203,31,35,36,32,37,30,34,33,17,37
73201,76200,74700.5,3000,265,135,130,5,5,33,35,-2,2,0.9428571428571428,0.018867924528301886,0.029411764705882353,31,36,35,33,35,31,32,32,07,36
73501,76500,75000.5,3000,268,132,136,-4,4,33,36,-3,3,0.9166666666666666,0.014925373134328358,0.043478260869565216,32,33,34,33,36,30,37,33,23,37
73801,76800,75300.5,3000,265,137,128,9,9,34,34,0,0,1.0,0.033962264150943396,0.0,31,37,35,34,34,30,33,31,07,37
74101,77100,75600.5,3000,266,140,126,14,14,37,32,5,5,1.15625,0.05263157894736842,0.07246376811594203,32,35,36,37,32,28,33,33,13,37
74401,77400,75900.5,3000,265,137,128,9,9,34,31,3,3,1.096774193548387,0.033962264150943396,0.046153846153846156,30,34,39,34,31,29,35,33,11,39
74701,77700,76200.5,3000,272,140,132,8,8,32,31,1,1,1.032258064516129,0.029411764705882353,0.015873015873015872,33,37,38,32,31,32,36,33,11,38
75001,78000,76500.5,3000,269,138,131,7,7,36,30,6,6,1.2,0.026022304832713755,0.09090909090909091,31,34,37,36,30,31,36,34,11,37
75301,78300,76800.5,3000,268,137,131,6,6,34,30,4,4,1.1333333333333333,0.022388059701492536,0.0625,32,34,37,34,30,32,38,31,23,38
75601,78600,77100.5,3000,266,138,128,10,10,33,29,4,4,1.1379310344827587,0.03759398496240601,0.06451612903225806,32,36,37,33,29,33,35,31,11,37
75901,78900,77400.5,3000,265,138,127,11,11,32,30,2,2,1.0666666666666667,0.04150943396226415,0.03225806451612903,33,39,34,32,30,32,35,30,07,39
76201,79200,77700.5,3000,263,134,129,5,5,31,31,0,0,1.0,0.019011406844106463,0.0,32,37,34,31,31,31,36,31,07,37
76501,79500,78000.5,3000,264,133,131,2,2,30,33,-3,3,0.9090909090909091,0.007575757575757576,0.047619047619047616,31,36,36,30,33,32,33,33,07,36
76801,79800,78300.5,3000,263,131,132,-1,1,29,31,-2,2,0.9354838709677419,0.0038022813688212928,0.03333333333333333,31,36,35,29,31,35,32,34,07,36
77101,80100,78600.5,3000,266,133,133,0,0,30,34,-4,4,0.8823529411764706,0.0,0.0625,31,36,36,30,34,35,30,34,07,36
77401,80400,78900.5,3000,267,132,135,-3,3,30,36,-6,6,0.8333333333333334,0.011235955056179775,0.09090909090909091,33,36,33,30,36,36,30,33,07,36
77701,80700,79200.5,3000,262,129,133,-4,4,31,38,-7,7,0.8157894736842105,0.015267175572519083,0.10144927536231885,30,35,33,31,38,33,29,33,17,38
78001,81000,79500.5,3000,263,128,135,-7,7,31,39,-8,8,0.7948717948717948,0.026615969581749048,0.11428571428571428,31,35,31,31,39,34,28,34,17,39
78301,81300,79800.5,3000,269,131,138,-7,7,33,40,-7,7,0.825,0.026022304832713755,0.0958904109589041,31,34,33,33,40,32,31,35,17,40
78601,81600,80100.5,3000,267,129,138,-9,9,35,36,-1,1,0.9722222222222222,0.033707865168539325,0.014084507042253521,29,32,33,35,36,35,33,34,17,36
78901,81900,80400.5,3000,268,130,138,-8,8,35,35,0,0,1.0,0.029850746268656716,0.0,26,33,36,35,35,37,29,37,19,37
79201,82200,80700.5,3000,275,135,140,-5,5,38,36,2,2,1.0555555555555556,0.01818181818181818,0.02702702702702703,30,33,34,38,36,38,30,36,13,38
79501,82500,81000.5,3000,276,137,139,-2,2,36,36,0,0,1.0,0.007246376811594203,0.0,31,36,34,36,36,38,31,34,19,38
79801,82800,81300.5,3000,280,137,143,-6,6,36,37,-1,1,0.972972972972973,0.02142857142857143,0.0136986301369863,32,34,35,36,37,38,33,35,19,38
80101,83100,81600.5,3000,274,133,141,-8,8,36,34,2,2,1.0588235294117647,0.029197080291970802,0.02857142857142857,32,34,31,36,34,39,35,33,19,39
80401,83400,81900.5,3000,269,129,140,-11,11,36,35,1,1,1.0285714285714285,0.040892193308550186,0.014084507042253521,32,32,29,36,35,38,34,33,19,38
80701,83700,82200.5,3000,269,131,138,-7,7,37,33,4,4,1.121212121212121,0.026022304832713755,0.05714285714285714,32,33,29,37,33,37,34,34,13,37
81001,84000,82500.5,3000,265,130,135,-5,5,34,33,1,1,1.0303030303030303,0.018867924528301886,0.014925373134328358,33,33,30,34,33,34,36,32,23,36
81301,84300,82800.5,3000,260,128,132,-4,4,31,32,-1,1,0.96875,0.015384615384615385,0.015873015873015872,34,34,29,31,32,33,33,34,01,34
81601,84600,83100.5,3000,265,127,138,-11,11,30,37,-7,7,0.8108108108108109,0.04150943396226415,0.1044776119402985,35,32,30,30,37,34,33,34,17,37
81901,84900,83400.5,3000,262,127,135,-8,8,29,36,-7,7,0.8055555555555556,0.030534351145038167,0.1076923076923077,40,29,29,29,36,32,34,33,01,40
82201,85200,83700.5,3000,258,125,133,-8,8,26,36,-10,10,0.7222222222222222,0.031007751937984496,0.16129032258064516,38,31,30,26,36,31,32,34,01,38
82501,85500,84000.5,3000,256,126,130,-4,4,30,35,-5,5,0.8571428571428571,0.015625,0.07692307692307693,37,30,29,30,35,30,30,35,01,37
82801,85800,84300.5,3000,254,126,128,-2,2,29,36,-7,7,0.8055555555555556,0.007874015748031496,0.1076923076923077,36,30,31,29,36,28,32,32,01,36
83101,86100,84600.5,3000,253,126,127,-1,1,29,37,-8,8,0.7837837837837838,0.003952569169960474,0.12121212121212122,35,30,32,29,37,29,28,33,17,37
83401,86400,84900.5,3000,263,136,127,9,9,32,35,-3,3,0.9142857142857143,0.034220532319391636,0.04477611940298507,36,31,37,32,35,31,28,33,11,37
83701,86700,85200.5,3000,259,132,127,5,5,31,33,-2,2,0.9393939393939394,0.019305019305019305,0.03125,35,29,37,31,33,34,30,30,11,37
84001,87000,85500.5,3000,260,131,129,2,2,30,32,-2,2,0.9375,0.007692307692307693,0.03225806451612903,32,29,40,30,32,36,30,31,11,40
84301,87300,85800.5,3000,261,136,125,11,11,33,31,2,2,1.064516129032258,0.0421455938697318,0.03125,32,29,42,33,31,35,29,30,11,42
84601,87600,86100.5,3000,260,139,121,18,18,36,29,7,7,1.2413793103448276,0.06923076923076923,0.1076923076923077,33,31,39,36,29,32,30,30,11,39
84901,87900,86400.5,3000,265,142,123,19,19,38,29,9,9,1.3103448275862069,0.07169811320754717,0.13432835820895522,33,31,40,38,29,33,33,28,11,40
85201,88200,86700.5,3000,260,140,120,20,20,40,30,10,10,1.3333333333333333,0.07692307692307693,0.14285714285714285,32,29,39,40,30,31,30,29,13,40
85501,88500,87000.5,3000,256,135,121,14,14,35,30,5,5,1.1666666666666667,0.0546875,0.07692307692307693,33,28,39,35,30,30,31,30,11,39
85801,88800,87300.5,3000,252,133,119,14,14,36,29,7,7,1.2413793103448276,0.05555555555555555,0.1076923076923077,35,27,35,36,29,30,29,31,13,36
86101,89100,87600.5,3000,261,140,121,19,19,38,31,7,7,1.2258064516129032,0.07279693486590039,0.10144927536231885,38,28,36,38,31,28,31,31,01,38
86401,89400,87900.5,3000,254,131,123,8,8,35,30,5,5,1.1666666666666667,0.031496062992125984,0.07692307692307693,35,28,33,35,30,27,36,30,23,36
86701,89700,88200.5,3000,262,135,127,8,8,38,34,4,4,1.1176470588235294,0.030534351145038167,0.05555555555555555,38,26,33,38,34,26,35,32,01,38
87001,90000,88500.5,3000,263,134,129,5,5,39,34,5,5,1.1470588235294117,0.019011406844106463,0.0684931506849315,38,28,29,39,34,28,33,34,13,39
