window_start,window_center,mode_1_score,mode_2_score,mode_3_score,mode_4_score
1,1500.5,-51.9909949696277,1.179075083718623,1.8099743642495267,-1.8983380875356306
301,1800.5,-42.629711881225184,-1.1217463283864646,0.5326167212634986,1.3997543316558736
601,2100.5,-40.00072257274881,2.368400944624304,-1.7510609323034625,1.0984121057205718
901,2400.5,-36.91501068939224,-0.19971286000447452,1.1210718714288754,0.29259052230759497
1201,2700.5,-34.60366967274005,2.4157652021835645,0.44134775928234615,2.083269270311089
1501,3000.5,-32.141352467764186,1.8442266376091896,3.7349928802069217,-0.20197105845494975
1801,3300.5,-31.006639853489165,2.014979138980521,3.3492164755849285,-0.5114488780818364
2101,3600.5,-29.568009247151284,2.1113006599429616,3.86977895766386,-0.2577409857007038
2401,3900.5,-26.554673236685755,-0.9376843548613587,5.039199462712621,0.43233075773627894
2701,4200.5,-27.14227971472837,-1.1421758211438149,3.9770305046414154,0.8720599614107376
3001,4500.5,-25.46461026073829,-0.755845843531487,-0.43334164122066154,-0.36332253717327323
3301,4800.5,-26.66314184490106,0.4525511958540915,1.5866903098853198,-4.61167056665463
3601,5100.5,-24.52617662779235,-2.536434171777568,5.490110857464871,-4.229731818495515
3901,5400.5,-23.795971321736342,-0.027913473089637594,5.100465827341304,-1.125529930512942
4201,5700.5,-22.619175188468525,-3.114761981564659,3.61607979818783,-1.560840822858766
4501,6000.5,-20.819693740953877,-4.4864985657729495,0.7886594760619511,-1.2902654143979388
4801,6300.5,-21.212807816317742,-2.5778623698038876,-0.04545970068200088,-0.29291348043347276
5101,6600.5,-19.963638138241894,-3.4232977901134376,-0.014843257082365655,-0.46796032692271383
5401,6900.5,-20.524587028111924,-1.6825195752327153,-2.4873705895243496,-0.8491862222766989
5701,7200.5,-18.717482597569347,-1.7592432953188943,-4.22551490661945,-0.956118360338263
6001,7500.5,-18.7614256797701,-2.3402975362274487,-2.7553534146434573,-0.7121622253144583
6301,7800.5,-18.073612624976583,-1.7549960758785852,-1.2100203875765332,0.49292450933709253
6601,8100.5,-17.746479722320046,-0.15086045418221902,-4.547255626990548,-0.47598104497367544
6901,8400.5,-18.28448354568792,-0.9723104687182024,-7.529987351438531,0.06801819904100284
7201,8700.5,-18.170140277193063,-0.412147989756564,-7.64892772077589,1.149700825639825
7501,9000.5,-18.578037132351586,-0.5967189929027644,-8.504986163297419,0.15129691613315513
7801,9300.5,-16.532970397998355,-0.4356201441115053,-2.325382479542557,2.1811485704588804
8101,9600.5,-16.10101140808095,-0.6714408098645859,-3.273883656145839,0.38935475377768736
8401,9900.5,-15.43157718322231,-2.6620205453523256,-1.0790987729837769,2.0448176303644843
8701,10200.5,-13.890370402434886,-2.650348010724332,4.109595546293911,1.7639623080532878
9001,10500.5,-14.301570465260294,-0.5152498884822599,1.983138168430295,1.7772589796205749
9301,10800.5,-13.624324405549656,-2.235823305409894,1.628883257530584,2.370751597108662
9601,11100.5,-14.033113600530672,-0.6560389434159617,1.407279788475862,1.2232642806099019
9901,11400.5,-12.297517484673511,-2.9040366759789373,4.532781188958218,0.28508616021004285
10201,11700.5,-13.552723565766295,-2.5631830881867077,4.432152549719795,-2.543415998416228
10501,12000.5,-12.762819061028418,-1.1422732002833145,4.18074795587572,0.29431050150166593
10801,12300.5,-13.126436583633138,-2.6685666710898754,2.209857193921218,-0.7928731438341499
11101,12600.5,-13.03350759905064,-0.45681996749212755,1.7153429549044656,0.17185940786975798
11401,12900.5,-10.672680428543362,3.0603580232000933,1.1151856498835195,-1.3607393844039624
11701,13200.5,-12.727740561280722,4.9433302584531615,-1.466738305103078,1.0439574949832706
12001,13500.5,-12.74127647705747,1.200947596209827,1.3607608757649938,-0.27771551808731854
12301,13800.5,-12.97711713067176,4.607333582511217,-3.021957861138437,-0.900421500703012
12601,14100.5,-11.77313346085087,4.043120817560849,-4.137584261085883,0.4927232375042474
12901,14400.5,-12.908962597971122,3.8553673926529863,-6.094753638840516,-0.12614019185103884
13201,14700.5,-11.429316352302628,6.645836158992226,-5.185870938227952,-0.7744162388685314
13501,15000.5,-11.093550151249001,5.620399290358801,-2.6730343138241155,-3.2413077747306067
13801,15300.5,-9.262748800998205,6.253174119516676,-4.378782997606352,-3.9352636870236677
14101,15600.5,-9.923651981206271,3.2600733427839295,-0.711283535678925,-5.339513684584953
14401,15900.5,-11.974300360574873,-0.9081012396752249,-1.4815412042501348,-5.708346956398647
14701,16200.5,-10.783219813421569,-1.0284884057611092,-5.289547966485677,-4.03994419140329
15001,16500.5,-9.979623946986381,1.249033707077762,-6.922037381730122,-1.6426141512913086
15301,16800.5,-9.747544139373815,0.27159921454404984,-4.649479478874876,1.2498466269878399
15601,17100.5,-10.160502134887997,-2.891824121756315,-0.3787800241297093,-2.025132674488755
15901,17400.5,-5.974706623794889,-2.001689368248645,1.7978446511404815,-1.104186500678774
16201,17700.5,-4.161838868209194,-2.562413756796369,1.1060818875888274,2.245223364919154
16501,18000.5,-6.663835075632179,-4.177564125023093,2.1866311158744485,2.907411164142163
16801,18300.5,-7.025466189301134,-4.649283651957809,3.546997310245652,2.1173787982749546
17101,18600.5,-6.652355519785624,-4.438068731010563,2.8162887892655455,3.301980136902741
17401,18900.5,-8.216794700436045,-0.6040921801567471,2.817426242937875,4.981652256666252
17701,19200.5,-6.028820413367395,-0.38376133363335607,4.760454899308226,0.987539535631732
18001,19500.5,-5.451940268523129,-4.171094901210952,4.3598600610990355,1.5883439806085102
18301,19800.5,-5.09185101328216,-4.201299231901627,6.592987514958344,0.3289376906648208
18601,20100.5,-5.899309356238244,-2.590003643185293,0.08971113099033347,3.60776148156504
18901,20400.5,-8.837312045707083,-2.4900231693175345,-2.7094464660116913,0.11123724843118146
19201,20700.5,-11.347492402904638,-2.180597354840631,-1.7555701930513055,-2.504892353546095
19501,21000.5,-7.9103130901159675,2.7170405362486454,-3.895019527475378,-1.0514961865974086
19801,21300.5,-9.288632343993415,4.8961032814037555,-3.8610308778695392,2.279878754790066
20101,21600.5,-10.004980472513205,7.600359220513462,-6.7956585013141,1.3483322389333297
20401,21900.5,-7.531292222041583,8.606111629621982,-3.968999377184069,3.100286402894303
20701,22200.5,-9.477630496349876,8.495852255922994,-5.413239272926391,4.63849369767283
21001,22500.5,-9.766885737127788,8.505003939163819,-2.350160779871611,2.352568004955663
21301,22800.5,-9.97819117077007,8.458118539942586,-6.054896027588291,1.4533554266450235
21601,23100.5,-7.039929621111096,7.676004675085844,-4.015557409270494,2.0479360536488054
21901,23400.5,-5.041116147366497,8.321726293852542,-1.9776669647781826,5.319336603100451
22201,23700.5,-4.059741158902938,6.67253121326243,-2.327221918071588,3.6694283534869037
22501,24000.5,-5.071786355866245,5.175191919085191,-2.1300797775994806,2.805091382953979
22801,24300.5,-4.30399960943357,1.4885317908676006,-3.8551216242344104,-1.6252933972774013
23101,24600.5,-2.497426037187819,-2.1849692494113198,-3.7991929747326987,0.4431343861192534
23401,24900.5,-4.262397730853609,-2.81574411404717,-4.738450379233074,-1.339744447166173
23701,25200.5,-3.509169058018076,-5.579201405151113,-2.330585952066591,-2.530074777911183
24001,25500.5,-4.186282400461985,-2.3517293770973615,-2.671832638203343,-2.373801918254824
24301,25800.5,-2.915646346013891,0.38964627628833237,0.2183543844131598,-1.8574008857848385
24601,26100.5,-2.028864626722112,1.707317714021802,3.9753453668172134,-0.8328044752389341
24901,26400.5,-4.680468209093635,3.4541976089313957,3.906180487326052,-3.1300159450352654
25201,26700.5,-4.160371903676628,4.196727382689052,5.5077841263505904,-1.4619670916976213
25501,27000.5,-3.4467493322604033,1.1879637663805382,5.942413942136642,0.32883416303934376
25801,27300.5,-5.637047058156731,3.065745510840916,6.458569378386493,2.2410686809895854
26101,27600.5,-5.136922441658105,2.0657453209830776,10.056899783374767,1.1864261772474733
26401,27900.5,-4.895691308134952,0.5944873467779209,7.057091001008031,-0.5565591203907267
26701,28200.5,-4.371162245913412,1.3566588018516519,6.709449745886023,-2.1657132749181836
27001,28500.5,-1.297936369625993,2.075796929951081,5.486063486899617,-1.5587086415004638
27301,28800.5,-1.9748551028850063,-0.19021802545233688,4.402220919226108,-0.42840122138826453
27601,29100.5,-3.4220631644300052,-1.3145111804513459,2.052901256683232,-1.4850781753182998
27901,29400.5,-2.5851802961066386,-3.169509346638192,3.3424310146463188,-0.9092193950276537
28201,29700.5,-2.9429811581909173,-5.246702679962517,3.6618452419762733,1.3047103188217852
28501,30000.5,-3.0039750952665747,-3.290870109599625,3.5577843342752904,-0.8182392149839042
28801,30300.5,-0.9894628310894654,-1.1303143946379277,4.800851676434347,-1.7781240122117814
29101,30600.5,-0.9389238347746224,1.1207084815843589,0.27650243292296695,-1.0055584201886247
29401,30900.5,-0.7284896273755559,2.110594888362308,2.5972659418884314,0.3050884262317638
29701,31200.5,-2.3209770533213696,2.729010747648913,4.562540306867475,0.1407037461415799
30001,31500.5,-4.737840150969282,-0.30240099962579087,4.454127671282709,0.9970945827929759
30301,31800.5,-3.2723711683075565,-1.9711969992522358,4.3513639350217845,-0.2657942035676919
30601,32100.5,-5.624702338756385,-2.932459806118948,3.768682220199574,-0.23041915118397358
30901,32400.5,-6.234266889444862,-1.915215200219876,-1.9548008488992192,1.124755247213104
31201,32700.5,-3.7775399451398766,-0.040261003283006504,-2.0884357797038584,-0.883552222980913
31501,33000.5,-5.468332861036117,2.2269817413754343,-1.7302101472136084,-0.8704482391582237
31801,33300.5,-5.384588863393238,-0.25140774861994686,-2.7068354083291184,0.4242174061433901
32101,33600.5,-5.729132811821085,-1.5360794517174472,-0.7665080668810479,1.7124455381967836
32401,33900.5,-4.269557975896553,-2.4140536215256696,1.6019212079141654,1.8802384273213641
32701,34200.5,-2.317641711284992,-2.47346182185115,-2.0792503090086782,1.1453099904270276
33001,34500.5,-1.5979439645417757,-1.4857347400920748,-1.9077509148475738,1.6169121077331967
33301,34800.5,-2.370932947086795,-2.2238015829360105,0.20882276547883394,-0.054184457282861566
33601,35100.5,-0.648596678638231,0.4159907015276257,-0.6056911411067779,-1.4280048982857623
33901,35400.5,-0.46991669499413524,-0.16312656511791274,5.258812602990806,-2.3933773370606906
34201,35700.5,-2.70913565850994,-0.2895322064663401,4.863309898822889,0.3179359406162017
34501,36000.5,-0.9171241287932489,-1.751808827143131,1.2790506214783142,-1.405569662610181
34801,36300.5,-1.0586252984686702,-0.5440061152892628,4.2268289050049725,-0.8224078007017372
35101,36600.5,-0.38623837933330635,3.055429108720471,6.197515681215789,-3.8581618977112435
35401,36900.5,-0.9885064733461109,-1.2530940156346082,2.298692407174208,-5.02165581727537
35701,37200.5,-0.7552481906766083,-1.185114504789921,4.93789645631785,-0.5930787502852646
36001,37500.5,-0.9880143803224396,-2.607825487838427,5.413513597532182,-5.849074423540316
36301,37800.5,-1.3403204657942298,-2.9714061198358173,2.5009745945404496,-3.4632957240697815
36601,38100.5,-0.8113903163662508,-5.295475490182975,5.198510014412568,-1.9957060104322113
36901,38400.5,-0.8339548479615246,-7.286333161804869,3.8511264256290794,1.4028857272842465
37201,38700.5,-0.3907188918812455,-9.78737281541537,1.564035059292297,0.040531195300336824
37501,39000.5,1.0571324639925948,-10.78617828539882,3.9884608008985665,-0.34578370010581644
37801,39300.5,3.282558370401844,-10.821999072871307,-0.6473228580705847,0.80069737134753
38101,39600.5,1.5769396325772023,-16.04130908801805,-1.1372394241908417,0.35200205277966834
38401,39900.5,0.5310426445121618,-11.804042311213623,-1.3666111856768053,1.0780896386595722
38701,40200.5,-1.2851218572982095,-10.926815471490027,-1.5734937049931492,0.39267250009753685
39001,40500.5,-1.4764152211083323,-7.825981798866623,-1.2716815802454988,5.721067341218349
39301,40800.5,-1.9416836829271014,-5.329093399103385,0.25568391352174336,5.94117158943071
39601,41100.5,-3.4626947411636806,-4.884599353825708,-2.140355483115651,4.031670884728297
39901,41400.5,-3.096712679338212,-3.725051486442576,-2.7740816051146173,1.121827217895544
40201,41700.5,-2.487847535896548,-1.9158706820144544,-0.7966830188230974,-0.02412023944110484
40501,42000.5,-2.6875413033716713,0.14304462471574036,-0.4075620867048376,1.1766889091658688
40801,42300.5,-4.373827952212889,-0.28725306213658863,0.4603040396680749,-1.5169071286288331
41101,42600.5,-2.771537414636576,2.1154822861577633,-2.274441138720664,-1.606637483202085
41401,42900.5,-1.7963002922764193,3.0645100565718355,-0.20425143973896664,1.5603159362510106
41701,43200.5,-1.2122551638885053,3.536618850112019,0.4897231024127346,-0.47640210570574376
42001,43500.5,-0.891130055890697,3.1185835971263405,0.42906145915286936,-0.4174243609074623
42301,43800.5,1.4551241497208092,0.9398154471160753,-1.3601321112745124,-2.498506902720741
42601,44100.5,2.7479616404050686,3.5914551360882694,-1.0357159041236377,-1.328217430186019
42901,44400.5,3.725235975534347,8.160325675409961,-0.1320456105221891,-3.88209136050178
43201,44700.5,3.8265754319251086,8.653950502600232,0.7636544802820037,-2.361959479150931
43501,45000.5,3.052724381165687,7.567950867807559,0.7812138609799507,1.0830692244968403
43801,45300.5,3.247626876307968,7.729454970663306,4.749789641853516,3.1568446616216934
44101,45600.5,3.7402880527320637,9.30912900061557,6.0849174011415785,4.373300743938824
44401,45900.5,3.62114726065823,8.65933023096654,4.717023069169117,3.1787488126804053
44701,46200.5,3.4393253697639015,7.5285862122928755,3.55998850515154,6.001731782627315
45001,46500.5,3.2377893099886323,5.953752866906761,3.2442011636113346,2.980324087960577
45301,46800.5,3.0945563779204077,7.041128512800872,5.154834130890898,6.5445568501117615
45601,47100.5,2.8757412855591764,4.82734393345698,5.270603559429993,4.59844233740232
45901,47400.5,2.0010930117595596,1.1792819018516407,3.5347281718039176,8.399351902181069
46201,47700.5,1.09904266196852,2.087731388302197,3.9341747252759696,8.271471765333931
46501,48000.5,0.03683059581784754,-0.6092103193009222,3.138717180868583,5.155649770121744
46801,48300.5,0.4129491151641653,1.7855413037314392,-1.999619487957204,3.5131193990292866
47101,48600.5,-1.5947962117225245,-0.2650924773503546,-0.6350997612631745,1.044880620049276
47401,48900.5,-1.3772227830786834,-0.8587436223280871,-0.571096523582737,-1.7659780054753937
47701,49200.5,0.4225118930103615,-1.0048978934295936,0.9004506665083273,-4.737900408017657
48001,49500.5,1.7392019219161412,-0.9000332179951219,0.717606748431144,-3.33146638115733
48301,49800.5,1.1197886348906285,1.7069434006847044,-2.419148918727584,-6.1105731273910955
48601,50100.5,-0.2974765086688328,0.8627509036347836,0.3277322242841255,-3.703878578832366
48901,50400.5,-0.07949182019961791,1.195922997469671,0.748235476079214,-3.9119598851707433
49201,50700.5,0.49082201493483824,0.5303447445466521,-0.940634156724379,-5.868046604216742
49501,51000.5,2.928507954187618,0.773966460861184,0.531212545413592,-5.3971218303405335
49801,51300.5,2.339519017367141,-1.2307410442567817,2.1033139999017965,-4.970882210765565
50101,51600.5,2.5598788403738717,-1.2111019167472634,1.2355522100669039,-3.3020619773722477
50401,51900.5,3.072014924479582,-0.060840448444901295,1.600501410389312,0.5642310974034882
50701,52200.5,1.220294686872835,-0.543936351276319,0.7990010980184888,2.410529906116247
51001,52500.5,0.9028961750258406,0.879333439114756,-0.04233821530853053,3.196880562681509
51301,52800.5,1.979072909086133,-0.316533698506031,3.250230133805029,2.406057767864277
51601,53100.5,2.06020591166016,-0.177345472148685,-0.17782390060182326,1.6754619288010775
51901,53400.5,3.6437901495466996,-1.5368822125022166,-0.6103163393238756,0.45466571073734185
52201,53700.5,4.320059344880834,-3.172728351662534,-0.6036853722257286,2.77548518117459
52501,54000.5,2.9037086961756255,0.7935822604260241,-2.997524662413038,4.114514627898014
52801,54300.5,2.9260938413069786,1.5300107681142794,-2.563911758843201,5.319397008824836
53101,54600.5,2.0988529557113385,2.516306658038415,-0.5300014249045902,6.849832884943319
53401,54900.5,2.940269523722522,-0.5278501676658832,-3.3689563201721158,4.907129928996387
53701,55200.5,2.3690129483173803,-0.6509659343492243,-6.261545427192562,4.157517235805401
54001,55500.5,0.026003044248283598,-1.826489356052057,-6.661314586908459,0.8044404710043009
54301,55800.5,-2.3124882447804183,-1.7987221034286003,-6.165024893530201,3.417522969821453
54601,56100.5,0.7315541258811524,-0.317716235058775,-6.950787572673985,1.6956357750275393
54901,56400.5,-1.0788379706731572,-2.904562455999511,-4.42581466238366,2.870287351368455
55201,56700.5,-2.5319289112050525,-0.5603871724500176,-4.961476543085074,1.7192113263261632
55501,57000.5,-3.3173491443351693,-1.4073357705094547,-1.7869867435800602,-0.13793726677176918
55801,57300.5,-2.249899308245057,-3.218144114950635,-2.1885148462864485,-2.784918809242472
56101,57600.5,-0.6871819623898381,-2.5143270951418994,-4.279993410222685,-3.228356476764564
56401,57900.5,-2.517044098783023,-2.9751898092837257,-2.3365299166403353,-4.192837947915588
56701,58200.5,-2.18611940684476,-4.049218827729482,-1.2193138328341313,-4.678923481343593
57001,58500.5,1.9451799451336056,-4.5043925096164275,0.6339901972763314,-1.5064569995617079
57301,58800.5,2.3640879954650225,-5.023854715827682,-1.6998213657979027,-1.9741132706461544
57601,59100.5,3.683651651839545,-5.606178815341125,0.8380436113118591,-1.5539810018832512
57901,59400.5,3.206335940497966,-1.1098707609972773,0.1407877969773207,-0.5932404986309008
58201,59700.5,5.103063787826072,-1.942394527556583,0.9668095288099038,-1.3801698475072384
58501,60000.5,5.946948340295793,-3.6507829259935836,0.8570645009621022,-3.426104692840149
58801,60300.5,4.889263363729306,-4.204736582209693,0.5117473186927074,-5.289541988296254
59101,60600.5,4.915681145291086,-5.257804426389758,2.6097586173290863,-4.661286644941043
59401,60900.5,6.999607446334922,-2.2420777307535347,4.616561583044603,-4.517651344192143
59701,61200.5,7.822797202534629,1.490929445917544,4.711132946007583,-5.4285218420097925
60001,61500.5,6.208671544893799,3.6421921462009705,3.374564649345061,-5.8349360802650105
60301,61800.5,8.6918760676801,2.3940126306891547,6.9546181053919005,-5.717924705616117
60601,62100.5,4.261501715612863,3.446254419275592,3.972506076412978,-4.924661765101232
60901,62400.5,3.909171819975192,3.1917952701546723,4.165189998990602,-6.151799595324681
61201,62700.5,3.6354447958111016,7.399942037725742,3.0110157113960554,-5.079214406009983
61501,63000.5,4.592375611833531,5.896237418024994,2.106400922874075,-2.9886573363817903
61801,63300.5,6.25005409400854,6.409631150415072,4.146489003383711,-1.8594608568826254
62101,63600.5,6.794637869767175,7.216692189362309,-1.992906407323701,-1.8605123229041176
62401,63900.5,5.385195432059955,5.8663369459298185,-3.7656779459356926,-2.820343247458502
62701,64200.5,4.073787055539261,1.6715566541428055,-3.570139223807678,-1.3195342517471158
63001,64500.5,3.349650697495428,1.8079478644672757,-6.323847479776631,-1.1219127841627097
63301,64800.5,3.390823999573422,1.730561282853033,-8.60348872006349,-0.9871778206706404
63601,65100.5,5.044439635244566,3.1614971864066295,-6.016728855509989,-0.8584861417296772
63901,65400.5,7.282957036221399,3.0158492899717633,-5.775333909846015,-2.4712840165872287
64201,65700.5,5.591894883179783,0.18289050229546103,-5.843438646727127,-0.956550904089681
64501,66000.5,3.155027039530822,1.251903899829093,-7.912339544838085,1.8620375037501518
64801,66300.5,1.7593956385312708,2.0568904869588107,-9.326192852002688,6.057825720174185
65101,66600.5,0.8803589034706235,0.7673606649600965,-4.04177683319667,4.198372784344178
65401,66900.5,3.498016181054148,1.4014804548307191,-3.097100063130853,8.019178680969802
65701,67200.5,5.26371069414146,6.655933764808778,-4.236865017342887,9.121701754363166
66001,67500.5,6.150685809487498,4.960290581628437,0.045283456679549375,8.145331540002024
66301,67800.5,4.455889258700165,5.1058379586511675,0.11176545910909742,6.942688403770276
66601,68100.5,5.556596968117065,2.574102720036973,-0.4038121733528738,7.021855243063357
66901,68400.5,6.563592944991814,2.040728128852302,-3.9409158052191637,8.469332083408938
67201,68700.5,6.639776869182342,1.9988903266442992,-0.12860826281537052,10.118959959361428
67501,69000.5,7.377734930096159,1.0529349545907023,1.7505078360222364,9.226683613389483
67801,69300.5,8.30121107606956,0.10592521158707306,4.045547564070498,7.545865198639016
68101,69600.5,7.710874377918566,0.08909205030546032,1.2979662750312195,11.87986400157859
68401,69900.5,3.9687225257516037,-0.5089217004248752,0.9094655010249538,9.180796537799981
68701,70200.5,3.9528553339516708,-4.478413871869226,3.270601624853542,6.643792161863104
69001,70500.5,2.2245483314599825,-3.1028698315766916,1.9930243665145617,7.658805421879014
69301,70800.5,1.5404287905263299,-0.8588216257651952,-1.0847407249635572,8.048648185588219
69601,71100.5,2.740171301159546,-2.9449900009327,-0.9123038683105992,6.030722300406711
69901,71400.5,0.8846977850185918,-1.62812964883328,-0.548081585459896,5.745509113188965
70201,71700.5,1.3121143000081719,-4.067583355523105,-4.111903427791498,2.617662089195383
70501,72000.5,2.9811606728076274,-3.1587048600363588,-2.2426836950874622,0.2641029018864085
70801,72300.5,2.08011094495139,-0.11440274725805238,-6.235613428907777,-0.34386401625554786
71101,72600.5,3.7927968351394425,-1.9796241047217513,-6.874530911245694,-4.625631302197093
71401,72900.5,4.451350783654525,-0.24827132771317145,-3.3717167486888555,-5.441649774221555
71701,73200.5,4.875050354407415,1.7946427668546479,-3.7997686985649706,-2.9811775816653348
72001,73500.5,5.719088885622953,-1.3185403756495084,-4.522173869704483,-4.25369211731949
72301,73800.5,6.243523883515862,-2.7858610200758136,-1.3284441902213613,-2.7845254759739433
72601,74100.5,3.914418733822508,2.592610371407208,-0.4131900148204811,-1.7054842340373855
72901,74400.5,4.339870476466095,1.469283410668607,0.7014429044141831,-1.6593601395518451
73201,74700.5,5.421749301362017,0.5153350362513803,1.3933213156553557,-1.660142283543464
73501,75000.5,4.395994612162307,1.296406171700021,-0.37171937503993563,-2.5962638506588327
73801,75300.5,5.431020309319864,-0.1393587666396248,2.4367092229721816,-3.6743795860295165
74101,75600.5,5.024911534310043,1.2819074381778583,5.551672001458435,-2.874370682151617
74401,75900.5,5.481012835516953,-1.905916756165088,4.892147747250445,-1.6878482874594753
74701,76200.5,3.170225483631297,-3.6281479538970274,3.519198412363859,-1.8647576176315135
75001,76500.5,4.076542452935698,-2.685119309101188,4.2843869145219164,-1.337024827678003
75301,76800.5,4.628848978316634,-4.015751594251622,1.8877203129028914,-3.365967560432274
75601,77100.5,5.339825681585755,-4.786725692712558,2.8965770111984415,-2.142544767805049
75901,77400.5,5.661999870225885,-4.177837507753578,2.6878170697708628,-4.551986773228958
76201,77700.5,6.317202299751014,-3.4072295221164213,2.016668110517959,-3.7180217250894705
76501,78000.5,5.881721520193288,-2.057692401581973,1.7210422885445302,-0.007638245941331201
76801,78300.5,6.297014639596001,-4.23837851428276,1.0897577032538779,2.556701721179395
77101,78600.5,5.157671485140866,-1.7526737958974343,0.42724225720905173,3.000879968048646
77401,78900.5,4.8406960920498046,0.0412823182656853,-2.2361606684369137,2.1095396556754387
77701,79200.5,6.39333118360855,2.1923479773999506,-1.6404750551856355,1.5001923428157262
78001,79500.5,6.0066552163081255,3.369507370531452,-2.6461171196461537,2.619705133111016
78301,79800.5,3.8325799240941114,4.298771891795784,-1.6253732096798539,1.2701232376504155
78601,80100.5,4.643437981072846,0.011331375062573302,-2.567247277546549,1.6509807050436767
78901,80400.5,4.15408207155396,-1.790254182446951,-0.347306674228011,6.322450619888914
79201,80700.5,1.7701716595317496,0.34547309222398803,-1.7598194777717444,4.351553840091898
79501,81000.5,1.525180365964005,-1.0477426817452837,-1.9767536077402652,1.8931799039892778
79801,81300.5,0.15263406275409036,-0.2079173602736127,-2.848210538023198,2.440859445741006
80101,81600.5,2.3708204909924113,-2.7448254970989963,-4.154576244910329,0.47909068810761035
80401,81900.5,4.079251683612963,-0.4710271630287337,-5.113421369003823,0.9632597332702767
80701,82200.5,4.036867377248653,-1.2050078383298974,-2.6257324995354354,0.7938343951304476
81001,82500.5,5.568761973146257,-0.8987840126178445,-2.2255693298005252,-1.7680309508706893
81301,82800.5,7.303560688906704,-0.11848671078253249,-0.2259278030471281,0.7186079523459554
81601,83100.5,5.55265348700027,2.9918211242558788,-3.8581945686663315,1.7265761563908837
81901,83400.5,6.823578611711939,5.923017567357394,-3.938896703844463,0.9181654208606037
82201,83700.5,8.14925173883504,5.0328966746132195,-2.3014844136904777,2.244498640558389
82501,84000.5,8.692882052385956,6.4804490287420835,-0.39958507146759215,2.798326668904944
82801,84300.5,9.463945593830116,6.23352790649408,-0.9408426237358177,-0.3952223355913844
83101,84600.5,9.729236085752927,7.302304968894225,-0.6598860032637947,2.4209982777701593
83401,84900.5,6.312174031572066,5.286545592737569,1.5019079448031332,2.734166019956973
83701,85200.5,7.939076729925662,1.8712519512279486,-1.6790507352440087,2.2798981495569697
84001,85500.5,7.5799561483663425,-1.368249986690078,-1.5111300499349758,4.556044203373532
84301,85800.5,7.216033146095841,-0.8504767698282517,0.4930106227481593,3.4810211739556713
84601,86100.5,7.469176707949378,-0.2431923326033324,3.524762695945073,0.19802818282287207
84901,86400.5,5.792680465700413,-1.674131857208497,2.2492988349222336,-2.3938399943839417
85201,86700.5,7.3748859684099966,1.6865382148142953,3.2152923470106476,-1.1138591271192322
85501,87000.5,8.88155785627703,1.6717165150911912,2.7815172948327618,0.29080616515457103
85801,87300.5,10.261127706700362,3.7093602071977063,2.912516052413617,1.4701811030820437
86101,87600.5,7.090315623266926,6.240123387593421,3.845846338384599,-1.2530392493641798
86401,87900.5,9.55974927630606,2.8232944682302588,2.0313488768465358,-3.731755791957054
86701,88200.5,6.633360792764113,8.486188471188383,1.5866496580753557,-2.8613969805000905
87001,88500.5,6.1468221443492235,8.419904515545056,1.328539689491378,-1.33182623161949
87301,88800.5,4.415307739503202,6.255529056221705,-1.496652007990103,-2.5918950152447335
87601,89100.5,5.914954548092,4.078733624488152,-3.6358096095984904,-0.367795566119295
87901,89400.5,7.921998107601789,3.6685769404379904,-4.41733459581327,-0.346760189671494
88201,89700.5,5.190355683870592,2.627836258043018,-5.677591788599911,0.5771761710879434
88501,90000.5,3.464093298992879,0.18566669146579173,-8.667351893390167,-3.0360645387161487
88801,90300.5,4.19903631542711,0.18050861861872797,-7.307721967463408,-3.9289442993461914
89101,90600.5,6.136007331188545,-3.8813862367736545,-7.313582409654575,-4.518974590042916
89401,90900.5,4.157474767671432,0.26699707496607544,-6.231672770658445,-3.8438713161548645
89701,91200.5,4.800784786648193,1.0106609786887661,-3.521328575065124,-3.0756522088392995
90001,91500.5,3.5514518447756527,4.052226607919597,-3.88765625245308,-5.623471188623824
90301,91800.5,4.931566263471354,5.289808626193993,-5.616687475012958,-3.8469409958928673
90601,92100.5,4.1273271027073255,5.135385138337583,-4.059304138831906,-4.801279186668661
90901,92400.5,5.212278088696981,5.131721652229261,-2.0235835960690585,-3.7439058173221142
91201,92700.5,5.92173026598057,1.0794879569878586,0.9799075153691644,-5.222184748558255
91501,93000.5,5.622342140942535,2.660479397495244,2.950763958809102,-3.143992208060192
91801,93300.5,2.946208796345041,3.263055030854888,5.4219916877383305,-3.3361921266039487
92101,93600.5,2.458244089360443,4.856596120730287,3.4508527446254944,-0.6434744274152688
92401,93900.5,3.928724514569773,4.97555506459779,5.623237249599448,0.3346318698755567
92701,94200.5,5.17212064931718,-0.8277364838720689,4.534657536013782,-0.0595124702599211
93001,94500.5,4.470107910030116,-0.511134271888593,4.849411838514684,-1.6990043168423523
93301,94800.5,5.551895748929818,-1.1415440594662345,4.895967501812818,-1.4756683468546572
93601,95100.5,5.938172346105539,0.18573107854742177,5.14084934700779,-0.9926504760436019
93901,95400.5,4.101058746865777,0.3406826638926719,4.637788010648791,-2.1028565563157517
94201,95700.5,4.502345052815969,3.108212606504957,2.008450392636747,-3.3026881905994965
94501,96000.5,6.545460251311687,2.5945257099295214,1.831141464265062,-3.0278708379974524
94801,96300.5,7.891155900475993,0.46872121522036914,-4.7973160862609365,-2.2692290568492166
95101,96600.5,8.251529807495434,0.055881015797922436,-1.7440446724502308,-2.2190001343032963
95401,96900.5,10.094710413006695,-1.1161372336645115,-5.355972346349948,-2.3519196726364298
95701,97200.5,9.857179096115704,0.8408256057867345,-4.630176720334052,-1.9992717181440134
96001,97500.5,9.648559367399798,0.8968672284168981,-5.5596561731364105,1.744385790427264
96301,97800.5,8.99083108195605,-0.15084567358035814,-6.3836411023965285,1.4486506525738065
96601,98100.5,9.525833105498268,-1.795410762895692,-9.352782668456754,2.1838186925727587
96901,98400.5,8.503694141968484,-3.458525385830437,-8.787388762638049,3.079220703194731
97201,98700.5,9.51339987221375,-5.373274591695598,-6.688959942983439,5.472292927683401
97501,99000.5,8.423052835668075,-8.406260758064555,-3.5575911962204754,2.202923468576086
97801,99300.5,7.935227582314286,-8.899728394233968,-2.0877959799756334,4.005590464344549
98101,99600.5,9.07165017373091,-9.650269480033886,-4.4957601183998115,2.667157928482789
98401,99900.5,6.229374847883108,-9.842153678921102,-2.945254199910549,1.6525198860052084
98701,100200.5,6.064398275502041,-10.757845424507096,-4.028133764011967,-0.7960282089669729
99001,100500.5,7.179836896411025,-12.61044996319051,-3.7066210636779577,-1.1013666642837736
99301,100800.5,5.566086876544889,-11.165361718478438,-3.5777226524460444,-0.4222638040286968
99601,101100.5,4.7134030295299,-9.695464997932286,-1.8744037948620988,-1.4609606985481804
99901,101400.5,6.944746305215485,-8.136240525488473,-3.890653011637376,-2.528039635241766
100201,101700.5,6.951356059682594,-6.613789800081637,-4.438218525401379,-5.193323907393864
100501,102000.5,8.27773448187264,-1.36597525465282,-5.331149516202408,-1.1288390416010197
100801,102300.5,8.961902941075486,-1.1890162445174022,-3.5095203417369376,-3.1126520214128064
101101,102600.5,6.709629480994189,0.2672739912512125,-1.57161817888975,-2.095745275310178
101401,102900.5,7.757378292206925,0.8681608295124477,-3.0036115961093866,-1.12392693333459
101701,103200.5,8.640707549625468,2.433887816708021,-1.241343976431008,0.7920117257477398
102001,103500.5,7.969040626138688,4.203301128536464,2.983022810414265,1.3043089641105787
102301,103800.5,11.667868310726963,3.61148864867972,2.929249872448224,-0.7211813725864489
102601,104100.5,10.98501470315642,2.9002672979889947,2.810802215677303,0.689711322291548
102901,104400.5,10.653970155301188,1.4453066946775055,3.6549941278406024,0.042538832972870665
103201,104700.5,10.230166990649087,-0.9711413938889799,3.6995979941862194,-0.8884902004103444
103501,105000.5,6.74506303279059,0.8591489900389109,0.7966977842037638,-4.004561872625111
103801,105300.5,4.588224160024038,3.0470749110666278,3.121727268630519,-3.155524937627578
104101,105600.5,5.260295111282186,4.78302038772777,3.5792104872047217,-3.024487147700608
104401,105900.5,7.447641518655092,1.6436124581671057,5.840946655091713,-2.764343678234473
104701,106200.5,9.351668182788957,0.7725368368127967,4.162548958694987,-3.413511001479376
105001,106500.5,10.83592238864516,3.970237395137292,-0.9725711143724872,-7.107891107673882
105301,106800.5,7.732331208822839,1.4791449582374832,1.5320386196607203,-8.325133296225491
105601,107100.5,9.224180773162054,3.1983978623664804,0.0741395414068572,-9.81891489638755
105901,107400.5,8.476662184669179,3.4851119608938466,-2.1168204490253446,-8.73274040538583
106201,107700.5,6.4260079454463455,6.962656653668706,-2.6828566107065823,-6.428672550393011
106501,108000.5,8.275041198231701,3.278794156296358,0.7164207184626127,-5.376331757747176
106801,108300.5,10.10413726363516,-1.202785800190421,-1.5530924212181685,-5.348751980582087
107101,108600.5,9.746754652464075,-4.605863754891711,-1.5040538305335327,-5.323217180637783
107401,108900.5,11.295341911320826,-0.9115866290482744,-2.8363777086609323,-3.693587422645307
107701,109200.5,7.759769894795258,-1.2243367155323384,-1.920200754088861,-4.854996448033967
108001,109500.5,6.927595698948566,-5.042147364583466,2.0604035804145453,-0.010592292339372067
108301,109800.5,9.35483875993205,-2.019433257826396,2.2792664764230532,2.448387609099311
108601,110100.5,8.874257024526656,-4.317953756520789,5.6428757103313485,2.6670893987977045
108901,110400.5,7.848681176379394,-4.407289094119402,8.42890671434515,1.7712578275777544
109201,110700.5,9.942049969162081,-6.600889810070331,7.281508090989321,2.6070508689004934
109501,111000.5,9.976386736454577,-8.876754759266838,3.4952124256083668,3.6624368711550015
109801,111300.5,10.203944657541097,-3.862548346571925,5.601418742984107,2.9046145245355226
110101,111600.5,9.990111420881371,-1.3465579334484479,4.165589145432576,3.2795634321196876
110401,111900.5,5.59412620297303,-1.2215305662186229,2.8853059010244455,1.5974146651569439
110701,112200.5,9.311971348820204,-0.8683944930215708,3.0717726627170965,0.7135711975733674
111001,112500.5,9.798055457595062,-3.028738922453333,-2.019273085253469,-1.0069525644897301
111301,112800.5,8.307142030058017,-4.068747329455179,-2.428057985151016,-2.3905942179962856
111601,113100.5,10.001154956211582,-2.0989979936594807,-1.5005438429113043,-1.4339412033715109
111901,113400.5,9.63525336288144,-1.946158492282925,-3.9383632522332563,1.6788197868922876
112201,113700.5,9.978790064266603,-1.0782105666489923,-1.320664418564441,-2.0444511317753595
112501,114000.5,10.403348188469655,-1.440850472149104,-0.48963618464996717,1.3209106918403841
112801,114300.5,8.26636696278996,-2.326484323745405,-0.5204195893839373,-0.801896738646964
113101,114600.5,8.613290290370719,-3.4727488715024903,0.7371174983002943,-1.359719560773922
113401,114900.5,10.49423476117765,-4.5154924838359385,2.606792330982044,0.27296985944440477
113701,115200.5,8.782807609703926,-2.481206681582812,1.277912927270632,2.748051952176401
114001,115500.5,8.726466202897512,0.04862624950309107,4.544374421302557,2.084004612472032
114301,115800.5,9.387658279499446,0.5416878729748505,6.1831483900888085,3.6513935927176657
114601,116100.5,7.865562818184659,-1.5446440048986971,4.721517805347566,2.523044735035977
114901,116400.5,7.05633698240279,-0.8927924470579031,8.753038419362698,2.310307634702373
115201,116700.5,7.0834004184235,1.2182569592387207,6.597076573775946,4.152001472314035
115501,117000.5,7.00731388013675,1.9176318381884112,4.324244525774142,0.2424707908180588
115801,117300.5,8.709627284291807,0.8146496399966904,5.3643721678453495,5.319750985826951
116101,117600.5,9.334666266759143,2.939185025782665,3.387333878481403,4.3331651884794375
116401,117900.5,9.994921015067632,3.4045961433272383,1.5467525927742365,3.134983139034274
116701,118200.5,8.888303376819854,3.2126925485369666,1.0552652743547666,3.623355000253237
117001,118500.5,8.693598792075221,0.8746878792598154,1.7476401762518419,1.936836659792048
